variant	ce_loss_delta	ce_clean	ce_patched	l0	dead_fraction	mse_normalized	variance_explained	peak_vram_gb	training_seconds	steps	valid	invalid_reason
relu_l1	0.7947425097227097	4.491140887141228	5.285883396863937	47.663252201565555	0.02978515625	0.08374935932862276	0.8783367720552654	2.307801	300.0099651813507	7113	1	
topk_k32	0.48973841965198517	4.491140887141228	4.980879306793213	32.06262230919765	0.599609375	0.06216497808573155	0.9096925402217502	2.3211125	300.0158042907715	19732	0	dead_fraction=0.600 > 0.1
topk_k48	0.3473217934370041	4.491140887141228	4.838462680578232	48.093933463796475	0.44775390625	0.05147510290592205	0.9252217900109774	2.3211125	300.0116391181946	20847	0	dead_fraction=0.448 > 0.1
topk_k48_aux	0.2984931915998459	4.491140887141228	4.789634078741074	48.093933463796475	0.0087890625	0.04769098308482654	0.9307190049873645	2.3224415	300.0131995677948	14593	1	
